{
  "anchors": [
    6.72,
    6.66,
    6.84,
    4.19,
    6.78,
    6.81,
    6.91,
    4.28,
    6.94,
    6.87
  ],
  "inputs": {
    "input0": [
      224,
      224,
      3
    ]
  },
  "outputs": {
    "output0": [
      7,
      7,
      40
    ]
  },
  "params_quantity": 1863736,
  "loss": [
    [
      1,
      11.33786
    ],
    [
      2,
      4.65291
    ],
    [
      3,
      1.36733
    ],
    [
      4,
      0.6046
    ],
    [
      5,
      0.35553
    ],
    [
      6,
      0.40566
    ],
    [
      7,
      0.0947
    ],
    [
      8,
      0.04033
    ],
    [
      9,
      0.0486
    ],
    [
      10,
      0.03766
    ],
    [
      11,
      0.02285
    ],
    [
      12,
      0.02197
    ],
    [
      13,
      0.02685
    ],
    [
      14,
      0.02645
    ],
    [
      15,
      0.01472
    ],
    [
      16,
      0.01918
    ],
    [
      17,
      0.01592
    ],
    [
      18,
      0.01354
    ],
    [
      19,
      0.01206
    ],
    [
      20,
      0.01643
    ],
    [
      21,
      0.02448
    ],
    [
      22,
      0.03027
    ],
    [
      23,
      0.01367
    ],
    [
      24,
      0.0138
    ],
    [
      25,
      0.01754
    ],
    [
      26,
      0.01144
    ],
    [
      27,
      0.03617
    ],
    [
      28,
      0.08112
    ],
    [
      29,
      0.04152
    ],
    [
      30,
      0.02593
    ],
    [
      31,
      0.01719
    ],
    [
      32,
      0.01025
    ],
    [
      33,
      0.01223
    ],
    [
      34,
      0.01357
    ],
    [
      35,
      0.01161
    ],
    [
      36,
      0.01108
    ],
    [
      37,
      0.00955
    ],
    [
      38,
      0.01137
    ],
    [
      39,
      0.01792
    ],
    [
      40,
      0.00989
    ],
    [
      41,
      0.01036
    ],
    [
      42,
      0.0076
    ],
    [
      43,
      0.01054
    ],
    [
      44,
      0.01035
    ],
    [
      45,
      0.00791
    ],
    [
      46,
      0.00912
    ],
    [
      47,
      0.00887
    ],
    [
      48,
      0.0086
    ],
    [
      49,
      0.00801
    ],
    [
      50,
      0.01063
    ],
    [
      51,
      0.01386
    ],
    [
      52,
      0.00919
    ],
    [
      53,
      0.0094
    ],
    [
      54,
      0.00752
    ],
    [
      55,
      0.00773
    ],
    [
      56,
      0.00685
    ],
    [
      57,
      0.00716
    ],
    [
      58,
      0.00759
    ],
    [
      59,
      0.00792
    ],
    [
      60,
      0.00726
    ],
    [
      61,
      0.00642
    ],
    [
      62,
      0.0065
    ],
    [
      63,
      0.0061
    ],
    [
      64,
      0.00747
    ],
    [
      65,
      0.00857
    ],
    [
      66,
      0.00734
    ],
    [
      67,
      0.00619
    ],
    [
      68,
      0.00641
    ],
    [
      69,
      0.00586
    ],
    [
      70,
      0.00661
    ],
    [
      71,
      0.00622
    ],
    [
      72,
      0.00601
    ],
    [
      73,
      0.00592
    ],
    [
      74,
      0.00613
    ],
    [
      75,
      0.00571
    ],
    [
      76,
      0.00559
    ],
    [
      77,
      0.00578
    ],
    [
      78,
      0.00621
    ],
    [
      79,
      0.00628
    ],
    [
      80,
      0.00575
    ],
    [
      81,
      0.00686
    ],
    [
      82,
      0.00633
    ],
    [
      83,
      0.00598
    ],
    [
      84,
      0.00568
    ],
    [
      85,
      0.00589
    ],
    [
      86,
      0.00641
    ],
    [
      87,
      0.00582
    ],
    [
      88,
      0.00557
    ],
    [
      89,
      0.00572
    ],
    [
      90,
      0.00614
    ],
    [
      91,
      0.00566
    ],
    [
      92,
      0.00552
    ],
    [
      93,
      0.00547
    ],
    [
      94,
      0.00559
    ],
    [
      95,
      0.00544
    ],
    [
      96,
      0.00588
    ],
    [
      97,
      0.00632
    ],
    [
      98,
      0.00573
    ],
    [
      99,
      0.00544
    ],
    [
      100,
      0.00538
    ]
  ],
  "acc": [
    [
      1,
      0.04511
    ],
    [
      2,
      0.00677
    ],
    [
      3,
      0.03322
    ],
    [
      4,
      0.01452
    ],
    [
      5,
      0.02013
    ],
    [
      6,
      0.04787
    ],
    [
      7,
      0.02966
    ],
    [
      8,
      0.02349
    ],
    [
      9,
      0.02241
    ],
    [
      10,
      0.02678
    ],
    [
      11,
      0.02543
    ],
    [
      12,
      0.02298
    ],
    [
      13,
      0.02263
    ],
    [
      14,
      0.02687
    ],
    [
      15,
      0.02779
    ],
    [
      16,
      0.0277
    ],
    [
      17,
      0.03121
    ],
    [
      18,
      0.03249
    ],
    [
      19,
      0.03239
    ],
    [
      20,
      0.03253
    ],
    [
      21,
      0.0318
    ],
    [
      22,
      0.03109
    ],
    [
      23,
      0.03348
    ],
    [
      24,
      0.03776
    ],
    [
      25,
      0.03837
    ],
    [
      26,
      0.03823
    ],
    [
      27,
      0.03749
    ],
    [
      28,
      0.03989
    ],
    [
      29,
      0.04054
    ],
    [
      30,
      0.03969
    ],
    [
      31,
      0.03778
    ],
    [
      32,
      0.04123
    ],
    [
      33,
      0.04179
    ],
    [
      34,
      0.04064
    ],
    [
      35,
      0.04168
    ],
    [
      36,
      0.04112
    ],
    [
      37,
      0.04224
    ],
    [
      38,
      0.03986
    ],
    [
      39,
      0.04069
    ],
    [
      40,
      0.03965
    ],
    [
      41,
      0.03907
    ],
    [
      42,
      0.04037
    ],
    [
      43,
      0.04079
    ],
    [
      44,
      0.0396
    ],
    [
      45,
      0.04007
    ],
    [
      46,
      0.03941
    ],
    [
      47,
      0.04149
    ],
    [
      48,
      0.04169
    ],
    [
      49,
      0.03977
    ],
    [
      50,
      0.03931
    ],
    [
      51,
      0.04113
    ],
    [
      52,
      0.03947
    ],
    [
      53,
      0.03931
    ],
    [
      54,
      0.03929
    ],
    [
      55,
      0.04031
    ],
    [
      56,
      0.0406
    ],
    [
      57,
      0.03956
    ],
    [
      58,
      0.03949
    ],
    [
      59,
      0.03906
    ],
    [
      60,
      0.03869
    ],
    [
      61,
      0.04085
    ],
    [
      62,
      0.03882
    ],
    [
      63,
      0.04066
    ],
    [
      64,
      0.03937
    ],
    [
      65,
      0.0414
    ],
    [
      66,
      0.03926
    ],
    [
      67,
      0.04009
    ],
    [
      68,
      0.03935
    ],
    [
      69,
      0.04064
    ],
    [
      70,
      0.03997
    ],
    [
      71,
      0.03921
    ],
    [
      72,
      0.03865
    ],
    [
      73,
      0.04013
    ],
    [
      74,
      0.04006
    ],
    [
      75,
      0.03909
    ],
    [
      76,
      0.03884
    ],
    [
      77,
      0.03905
    ],
    [
      78,
      0.03817
    ],
    [
      79,
      0.04012
    ],
    [
      80,
      0.04035
    ],
    [
      81,
      0.03867
    ],
    [
      82,
      0.03989
    ],
    [
      83,
      0.0389
    ],
    [
      84,
      0.03935
    ],
    [
      85,
      0.03925
    ],
    [
      86,
      0.03886
    ],
    [
      87,
      0.03886
    ],
    [
      88,
      0.04035
    ],
    [
      89,
      0.03973
    ],
    [
      90,
      0.04059
    ],
    [
      91,
      0.04055
    ],
    [
      92,
      0.03948
    ],
    [
      93,
      0.03907
    ],
    [
      94,
      0.03801
    ],
    [
      95,
      0.03895
    ],
    [
      96,
      0.03964
    ],
    [
      97,
      0.03966
    ],
    [
      98,
      0.03979
    ],
    [
      99,
      0.03964
    ],
    [
      100,
      0.03974
    ]
  ],