{
  "anchors": [
    6.94,
    6.87,
    6.75,
    6.91,
    6.62,
    6.66,
    6.81,
    6.75,
    6.94,
    6.94
  ],
  "inputs": {
    "input0": [
      224,
      224,
      3
    ]
  },
  "outputs": {
    "output0": [
      7,
      7,
      40
    ]
  },
  "params_quantity": 1863736,
  "loss": [
    [
      1,
      10.67205
    ],
    [
      2,
      4.472
    ],
    [
      3,
      2.32073
    ],
    [
      4,
      1.13007
    ],
    [
      5,
      0.68993
    ],
    [
      6,
      0.68595
    ],
    [
      7,
      0.60222
    ],
    [
      8,
      0.34037
    ],
    [
      9,
      0.17212
    ],
    [
      10,
      0.18903
    ],
    [
      11,
      0.11109
    ],
    [
      12,
      0.08129
    ],
    [
      13,
      0.1067
    ],
    [
      14,
      0.21907
    ],
    [
      15,
      0.2079
    ],
    [
      16,
      0.14959
    ],
    [
      17,
      0.07729
    ],
    [
      18,
      0.0704
    ],
    [
      19,
      0.04824
    ],
    [
      20,
      0.03424
    ],
    [
      21,
      0.02967
    ],
    [
      22,
      0.0412
    ],
    [
      23,
      0.11242
    ],
    [
      24,
      0.04684
    ],
    [
      25,
      0.02404
    ],
    [
      26,
      0.01335
    ],
    [
      27,
      0.01439
    ],
    [
      28,
      0.01748
    ],
    [
      29,
      0.02522
    ],
    [
      30,
      0.01746
    ],
    [
      31,
      0.01116
    ],
    [
      32,
      0.01017
    ],
    [
      33,
      0.01483
    ],
    [
      34,
      0.01168
    ],
    [
      35,
      0.01069
    ],
    [
      36,
      0.0136
    ],
    [
      37,
      0.01007
    ],
    [
      38,
      0.012
    ],
    [
      39,
      0.01822
    ],
    [
      40,
      0.01052
    ],
    [
      41,
      0.0087
    ],
    [
      42,
      0.00802
    ],
    [
      43,
      0.01061
    ],
    [
      44,
      0.0093
    ],
    [
      45,
      0.00735
    ],
    [
      46,
      0.0084
    ],
    [
      47,
      0.01133
    ],
    [
      48,
      0.00989
    ],
    [
      49,
      0.00578
    ],
    [
      50,
      0.00619
    ],
    [
      51,
      0.00811
    ],
    [
      52,
      0.00614
    ],
    [
      53,
      0.00812
    ],
    [
      54,
      0.00736
    ],
    [
      55,
      0.00662
    ],
    [
      56,
      0.00607
    ],
    [
      57,
      0.00673
    ],
    [
      58,
      0.00922
    ],
    [
      59,
      0.00692
    ],
    [
      60,
      0.00761
    ],
    [
      61,
      0.0057
    ],
    [
      62,
      0.00635
    ],
    [
      63,
      0.00623
    ],
    [
      64,
      0.00527
    ],
    [
      65,
      0.00482
    ],
    [
      66,
      0.00533
    ],
    [
      67,
      0.0054
    ],
    [
      68,
      0.00518
    ],
    [
      69,
      0.00617
    ],
    [
      70,
      0.00484
    ],
    [
      71,
      0.00476
    ],
    [
      72,
      0.00484
    ],
    [
      73,
      0.00569
    ],
    [
      74,
      0.00539
    ],
    [
      75,
      0.00508
    ],
    [
      76,
      0.00502
    ],
    [
      77,
      0.00447
    ],
    [
      78,
      0.0049
    ],
    [
      79,
      0.00486
    ],
    [
      80,
      0.00535
    ],
    [
      81,
      0.00561
    ],
    [
      82,
      0.0051
    ],
    [
      83,
      0.005
    ],
    [
      84,
      0.00537
    ],
    [
      85,
      0.00469
    ],
    [
      86,
      0.00519
    ],
    [
      87,
      0.00545
    ],
    [
      88,
      0.00471
    ],
    [
      89,
      0.00457
    ],
    [
      90,
      0.00476
    ],
    [
      91,
      0.00493
    ],
    [
      92,
      0.00482
    ],
    [
      93,
      0.00482
    ],
    [
      94,
      0.00444
    ],
    [
      95,
      0.00506
    ],
    [
      96,
      0.00452
    ],
    [
      97,
      0.00431
    ],
    [
      98,
      0.00426
    ],
    [
      99,
      0.00422
    ],
    [
      100,
      0.00496
    ]
  ],
  "acc": [
    [
      1,
      0.06524
    ],
    [
      2,
      0.03933
    ],
    [
      3,
      0.04758
    ],
    [
      4,
      0.05074
    ],
    [
      5,
      0.04247
    ],
    [
      6,
      0.0272
    ],
    [
      7,
      0.02593
    ],
    [
      8,
      0.02365
    ],
    [
      9,
      0.0144
    ],
    [
      10,
      0.01299
    ],
    [
      11,
      0.01507
    ],
    [
      12,
      0.01387
    ],
    [
      13,
      0.01441
    ],
    [
      14,
      0.01246
    ],
    [
      15,
      0.01164
    ],
    [
      16,
      0.01238
    ],
    [
      17,
      0.01061
    ],
    [
      18,
      0.00925
    ],
    [
      19,
      0.00782
    ],
    [
      20,
      0.00544
    ],
    [
      21,
      0.00527
    ],
    [
      22,
      0.00518
    ],
    [
      23,
      0.00602
    ],
    [
      24,
      0.00615
    ],
    [
      25,
      0.0062
    ],
    [
      26,
      0.00667
    ],
    [
      27,
      0.0064
    ],
    [
      28,
      0.00583
    ],
    [
      29,
      0.00687
    ],
    [
      30,
      0.00628
    ],
    [
      31,
      0.00632
    ],
    [
      32,
      0.00706
    ],
    [
      33,
      0.00713
    ],
    [
      34,
      0.00647
    ],
    [
      35,
      0.00674
    ],
    [
      36,
      0.007
    ],
    [
      37,
      0.0076
    ],
    [
      38,
      0.00738
    ],
    [
      39,
      0.00692
    ],
    [
      40,
      0.00744
    ],
    [
      41,
      0.00683
    ],
    [
      42,
      0.00703
    ],
    [
      43,
      0.00732
    ],
    [
      44,
      0.00686
    ],
    [
      45,
      0.00738
    ],
    [
      46,
      0.00611
    ],
    [
      47,
      0.00681
    ],
    [
      48,
      0.00725
    ],
    [
      49,
      0.00729
    ],
    [
      50,
      0.00675
    ],
    [
      51,
      0.00685
    ],
    [
      52,
      0.00616
    ],
    [
      53,
      0.00715
    ],
    [
      54,
      0.00701
    ],
    [
      55,
      0.00766
    ],
    [
      56,
      0.00841
    ],
    [
      57,
      0.0079
    ],
    [
      58,
      0.00828
    ],
    [
      59,
      0.00854
    ],
    [
      60,
      0.00688
    ],
    [
      61,
      0.00861
    ],
    [
      62,
      0.00777
    ],
    [
      63,
      0.00747
    ],
    [
      64,
      0.00836
    ],
    [
      65,
      0.00796
    ],
    [
      66,
      0.00828
    ],
    [
      67,
      0.00949
    ],
    [
      68,
      0.00843
    ],
    [
      69,
      0.00892
    ],
    [
      70,
      0.00783
    ],
    [
      71,
      0.00843
    ],
    [
      72,
      0.00833
    ],
    [
      73,
      0.00821
    ],
    [
      74,
      0.00839
    ],
    [
      75,
      0.00856
    ],
    [
      76,
      0.00832
    ],
    [
      77,
      0.00776
    ],
    [
      78,
      0.00831
    ],
    [
      79,
      0.00815
    ],
    [
      80,
      0.00886
    ],
    [
      81,
      0.00892
    ],
    [
      82,
      0.00875
    ],
    [
      83,
      0.00801
    ],
    [
      84,
      0.00922
    ],
    [
      85,
      0.00777
    ],
    [
      86,
      0.0082
    ],
    [
      87,
      0.00918
    ],
    [
      88,
      0.00866
    ],
    [
      89,
      0.0079
    ],
    [
      90,
      0.00864
    ],
    [
      91,
      0.008
    ],
    [
      92,
      0.00895
    ],
    [
      93,
      0.00867
    ],
    [
      94,
      0.0078
    ],
    [
      95,
      0.00831
    ],
    [
      96,
      0.00893
    ],
    [
      97,
      0.00911
    ],
    [
      98,
      0.00762
    ],
    [
      99,
      0.0086
    ],
    [
      100,
      0.00802
    ]
  ],